GRUPO,ID,NOMBRE,DIST_KM_TORRE_ESTATAL_MAS_CERCANA,LATITUD,LONGITUD,CLUSTER,DISTANCIA_PROMEDIO_CLUSTER,DISTANCIA_MAXIMA_CLUSTER,DISTANCIA_MAXIMA_REAL,CANTIDAD_INSTITUCIONES,TORRE_ESTATAL_CERCANA,DEPENDENCIA_TORRE_ESTATAL,LATITUD_TORRE_ESTATAL,LONGITUD_TORRE_ESTATAL,LINEA_VISTA,CONEXION_BACKHAUL
ESCUELAS,26DAI0003S,TRIBU GUARIJIO NUM. 1,36.19972574,27.571436,-108.865089,0,4.474960025,16.828941232,17.029669471,10,CERRO MOYAHUI (T.R.),CFE,27.545293,-109.231119,False,SUGERIR REPETIDOR
SALUD,SRIMB000132,CENTRO DE SALUD RURAL SAN BERNARDO,21.52854968,27.400337,-108.846972,1,4.914362486,11.664667071,18.457407841,15,LOS-TANQUES,CFE,27.21055,-108.89006,False,SUGERIR REPETIDOR
SALUD,SRIMB000185,CENTRO DE SALUD RURAL EL ZAPOTE,21.53135117,26.779452,-108.690657,2,8.949487398,22.518193601,32.994553653,15,TAPIZUELAS,CFE,26.66351,-108.864288,True,CONEXION DIRECTA
ESCUELAS,26DNM0030F,NUEVA CREACION PREESCOLAR NIÑOS MIGRANTES,11.10418244,31.145556,-110.641389,3,0.01680078,0.084003899,0.084003899,5,SANTA CRUZ,Telemax,31.237444,-110.595678,False,SUGERIR REPETIDOR
SALUD,SRIMB002104,CENTRO DE SALUD RURAL AGIABAMPO 1,13.16901185,26.36498,-109.143338,4,2.904595852,6.539380178,6.807070223,7,Centro de Salud Rural de Venustiano Carranza,Telefonía Rural,26.427719,-109.031198,True,CONEXION DIRECTA
ESCUELAS,26DCC0009Q,U-ILI-KUSI,13.77466376,27.205833,-109.361667,5,7.112206699,16.447198751,17.457130087,13,Cuarentenaria Bahuises,Telefonía Rural,27.127718,-109.469734,False,SUGERIR REPETIDOR
ESCUELAS,26DCC0125G,LAS MILPITAS,13.67437587,26.795833,-109.768889,6,1.434079446,5.788272425,5.788272425,5,HOSPITAL GENERAL,SEC,26.842562,-109.641426,True,CONEXION DIRECTA
SALUD,SRIMB001952,CENTRO DE SALUD RURAL TUBUTAMA,11.58822343,30.88593,-111.463247,7,5.349946497,13.441244306,13.671966343,6,ÁTIL,Telemax,30.847936,-111.576303,False,SUGERIR REPETIDOR
SALUD,SRIMB000190,CASA DE SALUD RURAL GEROCOA,12.09565463,26.814032,-108.899952,8,5.598046442,9.377553933,11.12793404,5,YOCOJIGUA,CFE,26.793755,-109.019689,False,SUGERIR REPETIDOR
